{
    "targets": [
        {
            "id": 0,
            "hamming": 0,
            "decision_margin": 63.43700408935547,
            "center": [
                203.14721608633693,
                222.35142155829502
            ],
            "corners": [
                [
                    280.58865356445324,
                    149.44662475585935
                ],
                [
                    123.44876098632812,
                    139.48097229003906
                ],
                [
                    117.42034912109368,
                    303.0562744140625
                ],
                [
                    277.7310485839844,
                    299.9036865234375
                ]
            ],
            "euler_rot": [
                0.019671437795993008,
                0.2616517931891449,
                -3.124919318485002
            ],
            "quat_rot": [
                -0.13052347701498948,
                0.00866369327450734,
                0.991382779496398,
                -0.0069818969312930605
            ],
            "translation": [
                -0.125655091097458,
                -0.0341491545178374,
                0.5015440915987419
            ],
            "pose_error": 1.1621206675884188e-05,
            "homography": [
                [
                    -87.74010035320873,
                    3.9491869872144605,
                    203.14721608633693
                ],
                [
                    -11.089129932267383,
                    -76.4052625285758,
                    222.35142155829502
                ],
                [
                    -0.04196474641512287,
                    0.008813678447428079,
                    1.0
                ]
            ]
        }
    ],
    "timestamp": 1690059119.9622421
}