{
  "0": {
    "type": "april-tags",
    "intrinsics": {
      "fx": 731.7522977831097,
      "fy": 732.3341821987655,
      "cx": 325.1260965600586,
      "cy": 210.17955535048563
    }
}, "2": {
  "type": "april-tags",
  "intrinsics": {
    "fx": 731.7522977831097,
    "fy": 732.3341821987655,
    "cx": 325.1260965600586,
    "cy": 210.17955535048563
  }
}, "4": {
  "type": "april-tags",
  "intrinsics": {
    "fx": 731.7522977831097,
    "fy": 732.3341821987655,
    "cx": 325.1260965600586,
    "cy": 210.17955535048563
  }
}, "6": {
  "type": "april-tags",
  "intrinsics": {
    "fx": 731.7522977831097,
    "fy": 732.3341821987655,
    "cx": 325.1260965600586,
    "cy": 210.17955535048563
  }
},
  "rtsp://10.14.77.77:8554/video0_unicast": {
    "type": "april-tags",
    "intrinsics": {
      "fx": 696.5987456745612,
      "fy": 695.8037436334624,
      "cx": 347.53665194970813,
      "cy": 218.3039720200076
    }
  },
  "rtsp://10.14.77.77:8554/video2_unicast": {
    "type": "april-tags",
    "intrinsics": {
      "fx": 731.7522977831097,
      "fy": 732.3341821987655,
      "cx": 325.1260965600586,
      "cy": 210.17955535048563
    }
  },
  "rtsp://10.14.77.77:8554/video4_unicast": {
    "type": "april-tags",
    "intrinsics": {
      "fx": 731.7522977831097,
      "fy": 732.3341821987655,
      "cx": 325.1260965600586,
      "cy": 210.17955535048563
    }
  }, "rtsp://10.14.77.77:8554/video6_unicast": {
    "type": "april-tags",
    "intrinsics": {
      "fx": 731.7522977831097,
      "fy": 732.3341821987655,
      "cx": 325.1260965600586,
      "cy": 210.17955535048563
    }
  }
}
