{
    "local0": {
        "intrinsics": [
            [
                511.5355802579008,
                0.0,
                331.05083059592675
            ],
            [
                0.0,
                511.5498876982378,
                257.6048891373747
            ],
            [
                0.0,
                0.0,
                1.0
            ]
        ],
        "distortion": [
            [
                0.0053815291926887,
                -0.256629706813437,
                0.017788702092192566,
                0.012363361380827878,
                0.8857301704958541
            ]
        ]
    },
    "local1": {
        "intrinsics": [
            [
                511.5355802579008,
                0.0,
                331.05083059592675
            ],
            [
                0.0,
                511.5498876982378,
                257.6048891373747
            ],
            [
                0.0,
                0.0,
                1.0
            ]
        ],
        "distortion": [
            [
                0.0053815291926887,
                -0.256629706813437,
                0.017788702092192566,
                0.012363361380827878,
                0.8857301704958541
            ]
        ]
    }
}